{
    "name": "Games",
    "children": [
        {
            "name": "RPG",
            "children": [
                {
                    "name": "The Elder Scroll",
                    "popularity": 500
                },
                {
                    "name": "Witcher",
                    "popularity": 500
                },
                {
                    "name": "Final Fantasy",
                    "popularity": 500
                },
                {
                    "name": "Pokémon",
                    "popularity": 500
                }
            ]
        },
        {
            "name": "Shooter Games",
            "children": [
                {
                    "name": "Contra",
                    "popularity": 500
                },
                {
                    "name": "FPS",
                    "children": [
                        {
                            "name": "R6: Siege",
                            "popularity": 500
                        },
                        {
                            "name": "Overwatch",
                            "popularity": 500
                        },
                        {
                            "name": "CS:GO",
                            "popularity": 652
                        }
                    ]
                },
                {
                    "name": "TPS",
                    "children": [
                        {
                            "name": "PUBG",
                            "popularity": 500
                        },
                        {
                            "name": "和平精英",
                            "popularity": 500
                        },
                        {
                            "name": "小米枪战",
                            "popularity": 652
                        },
                        {
                            "name": "Splinter Cell",
                            "popularity": 652
                        },
                        {
                            "name": "Battlefield",
                            "popularity": 652
                        }
                    ]
                }
            ]
        },
        {
            "name": "Action",
            "children": [
                {
                    "name": "Sekiro",
                    "popularity": 1000
                },
                {
                    "name": "Dynasty Warriors",
                    "popularity": 500
                },
                {
                    "name": "Samurai Warriors",
                    "popularity": 500
                },
                {
                    "name": "Monster Hunter",
                    "popularity": 500
                },
                {
                    "name": "Stealth Games",
                    "children": [
                        {
                            "name": "Metal Gear",
                            "children": [
                                {
                                    "name": "Solid Snake",
                                    "popularity": 500
                                },
                                {
                                    "name": "Portable Ops",
                                    "popularity": 500
                                },
                                {
                                    "name": "Peace Walker",
                                    "popularity": 500
                                },
                                {
                                    "name": "Ground Zeroes",
                                    "popularity": 500
                                },
                                {
                                    "name": "Phantom Pain",
                                    "popularity": 500
                                }
                            ]
                        },
                        {
                            "name": "Dishonored",
                            "popularity": 500
                        },
                        {
                            "name": "Dishonored 2",
                            "popularity": 500
                        },
                        {
                            "name": "Assassin's Creed",
                            "popularity": 500
                        }
                    ]
                },
                {
                    "name": "Fighter Games",
                    "children": [
                        {
                            "name": "Street Fighter",
                            "popularity": 500
                        },
                        {
                            "name": "鉄拳",
                            "popularity": 500
                        }
                    ]
                }
            ]
        },
        {
            "name": "Strategy",
            "children": [
                {
                    "name": "どうぶつの森",
                    "popularity": 500
                },
                {
                    "name": "MOBA",
                    "children": [
                        {
                            "name": "LoL",
                            "popularity": 500
                        },
                        {
                            "name": "DOTA2",
                            "popularity": 500
                        },
                        {
                            "name": "王者荣耀",
                            "popularity": 652
                        },
                        {
                            "name": "HEROS",
                            "popularity": 652
                        }
                    ]
                },
                {
                    "name": "RTS",
                    "children": [
                        {
                            "name": "Starcraft",
                            "popularity": 1302
                        },
                        {
                            "name": "Warcraft",
                            "popularity": 500
                        },
                        {
                            "name": "Age of Empires",
                            "popularity": 652
                        }
                    ]
                },
                {
                    "name": "Civilization",
                    "popularity": 652
                }
            ]
        },
        {
            "name": "Adventure",
            "children": [
                {
                    "name": "Movie games",
                    "children": [
                        {
                            "name": "Until Dawn",
                            "popularity": 1302
                        },
                        {
                            "name": "Heavy Rain",
                            "popularity": 500
                        },
                        {
                            "name": "Detroit",
                            "popularity": 652
                        }
                    ]
                },
                {
                    "name": "Life is Strange",
                    "popularity": 500
                },
                {
                    "name": "UnCharted",
                    "popularity": 500
                },
                {
                    "name": "Survival Games",
                    "children": [
                        {
                            "name": "Subnautica",
                            "popularity": 500
                        },
                        {
                            "name": "Below Zero",
                            "popularity": 500
                        },
                        {
                            "name": "Don't Starve",
                            "popularity": 652
                        },
                        {
                            "name": "The Long Dark",
                            "popularity": 652
                        }
                    ]
                },
                {
                    "name": "Horror Games",
                    "children": [
                        {
                            "name": "Silent Hill",
                            "popularity": 500
                        },
                        {
                            "name": "Evil Within",
                            "popularity": 500
                        },
                        {
                            "name": "Outlast",
                            "popularity": 500
                        },
                        {
                            "name": "SOMA",
                            "popularity": 500
                        }
                    ]
                }
            ]
        },
        {
            "name": "Card game",
            "children": [
                {
                    "name": "MTG",
                    "popularity": 500
                },
                {
                    "name": "Hearthstone",
                    "popularity": 1000
                },
                {
                    "name": "Yu-Gi-Oh",
                    "popularity": 500
                }
            ]
        },
        {
            "name": "Rhythm games",
            "children": [
                {
                    "name": "Beat Saber",
                    "popularity": 500
                },
                {
                    "name": "太鼓の達人",
                    "popularity": 1000
                },
                {
                    "name": "Melody Escape",
                    "popularity": 500
                }
            ]
        }
    ]
}