{"#nodesorigin": 769, "#edgesorigin": 16656, "links": [{"source": 28, "target": 0}, {"source": 31, "target": 0}, {"source": 46, "target": 0}, {"source": 55, "target": 0}, {"source": 85, "target": 0}, {"source": 92, "target": 0}, {"source": 93, "target": 0}, {"source": 99, "target": 0}, {"source": 104, "target": 0}, {"source": 105, "target": 0}, {"source": 106, "target": 0}, {"source": 2, "target": 1}, {"source": 39, "target": 1}, {"source": 124, "target": 1}, {"source": 39, "target": 2}, {"source": 67, "target": 2}, {"source": 69, "target": 2}, {"source": 82, "target": 2}, {"source": 109, "target": 2}, {"source": 119, "target": 2}, {"source": 14, "target": 3}, {"source": 40, "target": 3}, {"source": 53, "target": 3}, {"source": 72, "target": 3}, {"source": 75, "target": 3}, {"source": 103, "target": 3}, {"source": 7, "target": 4}, {"source": 9, "target": 4}, {"source": 25, "target": 4}, {"source": 47, "target": 4}, {"source": 49, "target": 4}, {"source": 51, "target": 4}, {"source": 92, "target": 4}, {"source": 105, "target": 4}, {"source": 111, "target": 4}, {"source": 124, "target": 4}, {"source": 67, "target": 6}, {"source": 69, "target": 6}, {"source": 119, "target": 6}, {"source": 49, "target": 7}, {"source": 51, "target": 7}, {"source": 80, "target": 7}, {"source": 84, "target": 7}, {"source": 88, "target": 7}, {"source": 17, "target": 8}, {"source": 18, "target": 8}, {"source": 55, "target": 8}, {"source": 60, "target": 8}, {"source": 25, "target": 9}, {"source": 33, "target": 9}, {"source": 52, "target": 9}, {"source": 56, "target": 9}, {"source": 73, "target": 9}, {"source": 83, "target": 9}, {"source": 87, "target": 9}, {"source": 96, "target": 9}, {"source": 105, "target": 9}, {"source": 109, "target": 9}, {"source": 25, "target": 10}, {"source": 35, "target": 10}, {"source": 40, "target": 10}, {"source": 46, "target": 10}, {"source": 53, "target": 10}, {"source": 70, "target": 10}, {"source": 72, "target": 10}, {"source": 73, "target": 10}, {"source": 81, "target": 10}, {"source": 82, "target": 10}, {"source": 92, "target": 10}, {"source": 97, "target": 10}, {"source": 100, "target": 10}, {"source": 103, "target": 10}, {"source": 108, "target": 10}, {"source": 109, "target": 10}, {"source": 119, "target": 10}, {"source": 73, "target": 13}, {"source": 46, "target": 14}, {"source": 53, "target": 14}, {"source": 70, "target": 14}, {"source": 72, "target": 14}, {"source": 82, "target": 14}, {"source": 103, "target": 14}, {"source": 106, "target": 14}, {"source": 119, "target": 14}, {"source": 104, "target": 16}, {"source": 18, "target": 17}, {"source": 55, "target": 18}, {"source": 104, "target": 18}, {"source": 127, "target": 18}, {"source": 25, "target": 19}, {"source": 26, "target": 19}, {"source": 44, "target": 19}, {"source": 49, "target": 19}, {"source": 51, "target": 19}, {"source": 52, "target": 19}, {"source": 61, "target": 19}, {"source": 64, "target": 19}, {"source": 65, "target": 19}, {"source": 76, "target": 19}, {"source": 77, "target": 19}, {"source": 80, "target": 19}, {"source": 93, "target": 19}, {"source": 102, "target": 19}, {"source": 104, "target": 19}, {"source": 105, "target": 19}, {"source": 106, "target": 19}, {"source": 116, "target": 19}, {"source": 121, "target": 19}, {"source": 122, "target": 19}, {"source": 46, "target": 20}, {"source": 55, "target": 20}, {"source": 82, "target": 20}, {"source": 109, "target": 20}, {"source": 73, "target": 21}, {"source": 24, "target": 23}, {"source": 100, "target": 24}, {"source": 106, "target": 24}, {"source": 125, "target": 24}, {"source": 31, "target": 25}, {"source": 33, "target": 25}, {"source": 41, "target": 25}, {"source": 44, "target": 25}, {"source": 46, "target": 25}, {"source": 49, "target": 25}, {"source": 51, "target": 25}, {"source": 52, "target": 25}, {"source": 56, "target": 25}, {"source": 70, "target": 25}, {"source": 73, "target": 25}, {"source": 74, "target": 25}, {"source": 79, "target": 25}, {"source": 82, "target": 25}, {"source": 83, "target": 25}, {"source": 87, "target": 25}, {"source": 92, "target": 25}, {"source": 96, "target": 25}, {"source": 99, "target": 25}, {"source": 104, "target": 25}, {"source": 106, "target": 25}, {"source": 109, "target": 25}, {"source": 112, "target": 25}, {"source": 28, "target": 26}, {"source": 41, "target": 26}, {"source": 51, "target": 26}, {"source": 61, "target": 26}, {"source": 64, "target": 26}, {"source": 68, "target": 26}, {"source": 76, "target": 26}, {"source": 77, "target": 26}, {"source": 95, "target": 26}, {"source": 101, "target": 26}, {"source": 102, "target": 26}, {"source": 105, "target": 26}, {"source": 106, "target": 26}, {"source": 111, "target": 26}, {"source": 116, "target": 26}, {"source": 122, "target": 26}, {"source": 124, "target": 26}, {"source": 125, "target": 26}, {"source": 104, "target": 27}, {"source": 105, "target": 27}, {"source": 37, "target": 28}, {"source": 46, "target": 28}, {"source": 57, "target": 28}, {"source": 59, "target": 28}, {"source": 98, "target": 28}, {"source": 103, "target": 28}, {"source": 114, "target": 28}, {"source": 44, "target": 29}, {"source": 67, "target": 29}, {"source": 73, "target": 29}, {"source": 82, "target": 29}, {"source": 86, "target": 29}, {"source": 119, "target": 29}, {"source": 43, "target": 31}, {"source": 48, "target": 31}, {"source": 63, "target": 31}, {"source": 74, "target": 31}, {"source": 80, "target": 31}, {"source": 85, "target": 31}, {"source": 87, "target": 31}, {"source": 88, "target": 31}, {"source": 98, "target": 31}, {"source": 99, "target": 31}, {"source": 102, "target": 31}, {"source": 104, "target": 31}, {"source": 106, "target": 31}, {"source": 112, "target": 31}, {"source": 120, "target": 31}, {"source": 127, "target": 31}, {"source": 46, "target": 32}, {"source": 119, "target": 32}, {"source": 46, "target": 33}, {"source": 52, "target": 33}, {"source": 96, "target": 33}, {"source": 82, "target": 35}, {"source": 109, "target": 35}, {"source": 57, "target": 36}, {"source": 59, "target": 36}, {"source": 124, "target": 36}, {"source": 44, "target": 37}, {"source": 55, "target": 37}, {"source": 59, "target": 37}, {"source": 92, "target": 37}, {"source": 40, "target": 38}, {"source": 88, "target": 38}, {"source": 98, "target": 38}, {"source": 69, "target": 39}, {"source": 53, "target": 40}, {"source": 63, "target": 40}, {"source": 72, "target": 40}, {"source": 75, "target": 40}, {"source": 44, "target": 41}, {"source": 73, "target": 41}, {"source": 119, "target": 41}, {"source": 124, "target": 41}, {"source": 98, "target": 42}, {"source": 51, "target": 43}, {"source": 80, "target": 43}, {"source": 98, "target": 43}, {"source": 52, "target": 44}, {"source": 67, "target": 44}, {"source": 83, "target": 44}, {"source": 102, "target": 44}, {"source": 104, "target": 44}, {"source": 106, "target": 44}, {"source": 47, "target": 46}, {"source": 51, "target": 46}, {"source": 55, "target": 46}, {"source": 56, "target": 46}, {"source": 61, "target": 46}, {"source": 66, "target": 46}, {"source": 70, "target": 46}, {"source": 72, "target": 46}, {"source": 73, "target": 46}, {"source": 82, "target": 46}, {"source": 100, "target": 46}, {"source": 102, "target": 46}, {"source": 103, "target": 46}, {"source": 105, "target": 46}, {"source": 108, "target": 46}, {"source": 119, "target": 46}, {"source": 54, "target": 47}, {"source": 98, "target": 48}, {"source": 104, "target": 48}, {"source": 112, "target": 48}, {"source": 51, "target": 49}, {"source": 74, "target": 49}, {"source": 80, "target": 49}, {"source": 84, "target": 49}, {"source": 104, "target": 49}, {"source": 106, "target": 49}, {"source": 111, "target": 49}, {"source": 121, "target": 49}, {"source": 70, "target": 50}, {"source": 82, "target": 50}, {"source": 92, "target": 50}, {"source": 96, "target": 50}, {"source": 97, "target": 50}, {"source": 73, "target": 51}, {"source": 80, "target": 51}, {"source": 84, "target": 51}, {"source": 85, "target": 51}, {"source": 98, "target": 51}, {"source": 105, "target": 51}, {"source": 124, "target": 51}, {"source": 83, "target": 52}, {"source": 87, "target": 52}, {"source": 106, "target": 52}, {"source": 119, "target": 52}, {"source": 72, "target": 53}, {"source": 75, "target": 53}, {"source": 119, "target": 53}, {"source": 92, "target": 55}, {"source": 87, "target": 56}, {"source": 96, "target": 56}, {"source": 124, "target": 58}, {"source": 115, "target": 59}, {"source": 69, "target": 60}, {"source": 123, "target": 60}, {"source": 65, "target": 61}, {"source": 76, "target": 61}, {"source": 77, "target": 61}, {"source": 105, "target": 61}, {"source": 106, "target": 61}, {"source": 116, "target": 61}, {"source": 121, "target": 61}, {"source": 76, "target": 62}, {"source": 105, "target": 64}, {"source": 111, "target": 64}, {"source": 106, "target": 65}, {"source": 69, "target": 67}, {"source": 75, "target": 67}, {"source": 119, "target": 67}, {"source": 109, "target": 69}, {"source": 119, "target": 69}, {"source": 123, "target": 69}, {"source": 72, "target": 70}, {"source": 73, "target": 70}, {"source": 81, "target": 70}, {"source": 82, "target": 70}, {"source": 103, "target": 70}, {"source": 108, "target": 70}, {"source": 109, "target": 70}, {"source": 75, "target": 72}, {"source": 103, "target": 72}, {"source": 79, "target": 73}, {"source": 81, "target": 73}, {"source": 82, "target": 73}, {"source": 86, "target": 73}, {"source": 98, "target": 73}, {"source": 103, "target": 73}, {"source": 109, "target": 73}, {"source": 119, "target": 73}, {"source": 80, "target": 74}, {"source": 85, "target": 74}, {"source": 98, "target": 74}, {"source": 102, "target": 74}, {"source": 104, "target": 74}, {"source": 112, "target": 74}, {"source": 120, "target": 74}, {"source": 127, "target": 74}, {"source": 77, "target": 76}, {"source": 95, "target": 76}, {"source": 87, "target": 79}, {"source": 119, "target": 79}, {"source": 85, "target": 80}, {"source": 98, "target": 80}, {"source": 102, "target": 80}, {"source": 104, "target": 80}, {"source": 120, "target": 80}, {"source": 124, "target": 80}, {"source": 92, "target": 81}, {"source": 98, "target": 81}, {"source": 85, "target": 82}, {"source": 92, "target": 82}, {"source": 93, "target": 82}, {"source": 97, "target": 82}, {"source": 103, "target": 82}, {"source": 105, "target": 82}, {"source": 106, "target": 82}, {"source": 108, "target": 82}, {"source": 109, "target": 82}, {"source": 119, "target": 82}, {"source": 96, "target": 83}, {"source": 98, "target": 85}, {"source": 104, "target": 85}, {"source": 106, "target": 85}, {"source": 104, "target": 86}, {"source": 99, "target": 87}, {"source": 104, "target": 87}, {"source": 105, "target": 87}, {"source": 106, "target": 87}, {"source": 121, "target": 87}, {"source": 98, "target": 88}, {"source": 104, "target": 88}, {"source": 118, "target": 90}, {"source": 106, "target": 91}, {"source": 93, "target": 92}, {"source": 97, "target": 92}, {"source": 104, "target": 92}, {"source": 106, "target": 93}, {"source": 108, "target": 93}, {"source": 127, "target": 93}, {"source": 126, "target": 96}, {"source": 103, "target": 97}, {"source": 119, "target": 97}, {"source": 102, "target": 98}, {"source": 104, "target": 98}, {"source": 112, "target": 98}, {"source": 120, "target": 98}, {"source": 104, "target": 99}, {"source": 106, "target": 99}, {"source": 120, "target": 99}, {"source": 124, "target": 101}, {"source": 104, "target": 102}, {"source": 120, "target": 102}, {"source": 114, "target": 103}, {"source": 106, "target": 104}, {"source": 112, "target": 104}, {"source": 120, "target": 104}, {"source": 127, "target": 104}, {"source": 106, "target": 105}, {"source": 111, "target": 105}, {"source": 107, "target": 106}, {"source": 119, "target": 106}, {"source": 120, "target": 106}, {"source": 121, "target": 106}, {"source": 119, "target": 112}], "#nodes": 129, "#links": 389}