modelId,semantic,occur
100,hanger,2612
101,kitchen_cabinet,8498
102,refrigerator,18501
104,desk,7700
105,desk,5715
106,office_chair,13730
107,desk,4033
108,desk,5117
109,coffee_table,5394
110,television,4050
111,television,12344
112,television,8149
113,television,6604
114,television,17943
115,tv_stand,4915
116,tv_stand,5681
117,tv_stand,1906
118,hanger,3800
119,coffee_table,2591
120,laptop,27232
121,wardrobe_cabinet,15737
122,door,52103
123,hanger,4766
124,wall_lamp,19214
125,kitchen_cabinet,2443
126,window,24008
127,wall_lamp,15149
128,stand,1660
129,dresser,3930
130,plant,21585
131,refrigerator,9296
132,sink,6991
133,door,27963
135,shower,17481
136,fish_tank,4395
137,kitchen_cabinet,1999
138,kitchen_cabinet,2273
139,shower,17452
140,dresser,3301
141,dressing_table,1469
142,chair,7878
143,piano,5254
144,mirror,18973
145,shoes_cabinet,4498
146,stand,8732
147,stand,4223
148,book,15735
149,cup,26890
150,toilet,6986
151,stairs,4080
152,stairs,8090
153,rug,19824
154,pan,7888
155,sofa,2680
156,sofa,4853
157,sofa,3901
166,armchair,2216
167,sofa,6161
168,sofa,3422
169,sofa,5196
170,sofa,1101
171,coffee_table,4753
172,coffee_table,635
173,coffee_table,4395
174,coffee_table,3680
175,wall_lamp,1400
176,wall_lamp,10175
178,wall_lamp,411
179,wall_lamp,6421
180,wall_lamp,5463
181,sink,7447
182,wardrobe_cabinet,7324
183,sink,5185
184,wardrobe_cabinet,6037
185,game_table,5420
186,sink,4414
187,wardrobe_cabinet,6462
188,shelving,4405
189,computer,37059
190,baby_bed,3637
191,bookshelf,5298
192,shelving,5692
193,shelving,3202
194,wardrobe_cabinet,1186
195,stand,1990
196,armchair,2517
197,stand,7964
198,tv_stand,1674
199,dressing_table,2710
200,dressing_table,2356
201,dressing_table,1317
202,dressing_table,2041
203,dressing_table,7349
204,double_bed,4389
205,double_bed,7087
206,water_dispenser,9576
207,shelving,2035
208,hanger,4335
209,window,44516
210,window,34370
211,window,34775
212,window,32387
213,window,19009
214,door,32662
215,television,6756
216,television,11038
217,hanger,5603
218,stereo_set,12854
219,dishwasher,4598
220,food_processor,5939
221,coffee_machine,10867
222,microwave,15270
223,vacuum_cleaner,8532
224,iron,8994
225,air_conditioner,28612
226,pedestal_fan,5795
227,air_conditioner,2285
228,television,17689
229,towel_rack,9210
230,heater,6015
232,kitchen_cabinet,4224
233,stand,3463
235,rug,36094
236,picture_frame,3448
237,plant,17172
238,rug,73112
239,mirror,11517
240,floor_lamp,3778
241,range_hood,4754
242,fireplace,5265
243,bottle,14584
244,glass,28475
245,cutting_board,10036
246,door,17650
247,door,11366
248,shelving,5484
249,chair,3977
250,hanging_kitchen_cabinet,10544
251,hanging_kitchen_cabinet,6950
252,dining_table,1041
253,stairs,2392
254,stairs,5431
255,chair,19831
256,table_lamp,2375
257,picture_frame,15325
258,vase,26050
259,sofa,2248
260,sofa,3274
261,sofa,2419
262,sofa,4935
263,ironing_board,9784
264,range_oven,5805
265,beer,9306
266,wardrobe_cabinet,6452
267,wardrobe_cabinet,2935
268,shelving,4777
269,wardrobe_cabinet,2960
270,bunker_bed,5076
271,wardrobe_cabinet,5108
272,wardrobe_cabinet,3659
273,desk,824
274,wardrobe_cabinet,1483
275,curtain,24456
276,curtain,7948
277,chair,3106
278,loudspeaker,24986
279,switch,35529
280,switch,29791
281,kitchen_cabinet,6227
282,kitchen_cabinet,8917
283,kitchen_cabinet,6202
284,kitchen_cabinet,6705
285,kitchen_cabinet,5584
286,hanging_kitchen_cabinet,3643
287,hanging_kitchen_cabinet,6625
288,kitchen_cabinet,4000
289,kitchen_cabinet,2004
290,kitchen_cabinet,2044
291,kitchen_cabinet,2153
292,shoes_cabinet,4912
293,shelving,10140
294,desk,7333
295,kitchen_cabinet,2041
311,stand,4113
312,stand,1499
313,clock,18756
314,mirror,11698
315,stand,2561
316,trash_can,1119
317,trash_can,1336
318,stand,4877
319,books,16078
320,books,39256
321,sofa,3783
322,toy,4397
323,person,20979
324,person,21641
325,person,12385
326,door,9705
327,door,1229
328,partition,24770
329,partition,8423
330,partition,9024
331,door,1196
333,person,14205
334,fireplace,1599
335,office_chair,10608
336,chair,1683
337,gym_equipment,4887
338,gym_equipment,4862
339,gym_equipment,7012
340,chessboard,5063
341,fish_tank,6478
342,fishbowl,4367
343,kettle,5624
344,kettle,7840
345,playstation,10442
346,person,7164
347,armchair,1662
348,armchair,1691
349,armchair,2782
350,sofa,2679
351,armchair,4921
352,armchair,10434
353,toy,592
354,headstone,816
355,coffin,360
356,toy,578
357,toy,699
358,toy,624
359,toy,495
360,sofa,144
362,decoration,496
363,motorcycle,12942
364,car,28140
365,column,53233
366,column,19058
367,column,17773
368,fence,14159
369,fence,12359
370,fence,79685
371,fence,36262
372,fence,6099
373,fence,6095
374,fence,9338
375,fence,12085
376,fence,12272
377,outdoor_lamp,31614
378,outdoor_lamp,17257
379,fence,15170
380,sofa,2247
381,outdoor_lamp,18091
382,sofa,1532
383,wardrobe_cabinet,2320
384,wardrobe_cabinet,1111
385,wardrobe_cabinet,2060
386,wardrobe_cabinet,1606
387,wardrobe_cabinet,1939
388,wardrobe_cabinet,1571
389,wardrobe_cabinet,3641
390,shelving,1585
391,wardrobe_cabinet,889
392,tv_stand,3027
393,shelving,15435
394,outdoor_lamp,35481
395,trash_can,11131
396,stand,5218
397,dresser,2477
398,dresser,2571
399,wardrobe_cabinet,1442
40,dining_table,2826
403,double_bed,6498
404,stand,2574
405,kitchen_cabinet,4867
406,hanging_kitchen_cabinet,3618
407,kitchen_cabinet,6406
408,kitchen_cabinet,3133
409,chair,5468
41,coffee_table,2081
410,basketball_hoop,4775
411,outdoor_seating,4604
412,outdoor_seating,6860
413,grill,8609
414,chair,12302
415,armchair,4902
416,wardrobe_cabinet,7899
417,desk,1139
418,toilet,12253
419,table_lamp,5060
42,wardrobe_cabinet,5340
420,sofa,906
421,table_lamp,4356
422,table_lamp,4916
423,table_lamp,1371
424,desk,398
425,armchair,6120
426,armchair,3005
427,armchair,2578
428,desk,1816
429,chair,9029
43,dryer,1185
430,desk,2538
431,dresser,2251
432,gym_equipment,4193
433,outdoor_seating,2146
434,gym_equipment,2011
435,gym_equipment,3576
436,gym_equipment,2184
437,gym_equipment,1913
438,gym_equipment,1385
439,gym_equipment,1633
44,household_appliance,1756
440,shelving,1465
441,chair,23265
442,dining_table,6113
443,toilet,2267
444,toilet,3710
445,shoes_cabinet,3986
446,chair,6197
447,sink,5440
448,shelving,4708
449,armchair,1276
45,hanging_kitchen_cabinet,2558
450,chair,8295
451,tv_stand,1390
452,dining_table,2690
453,toilet,3147
454,tv_stand,2147
455,desk,1244
456,shelving,4989
457,shelving,2051
458,shelving,3027
459,shelving,68447
46,hanging_kitchen_cabinet,2083
460,toy,1752
461,toy,1528
462,toy,1534
463,plant,650
464,dresser,1873
465,bathtub,3553
466,bench_chair,2171
467,chair,4068
468,coffee_table,1724
469,dresser,444
470,coffee_table,1050
471,chair,4932
472,coffee_table,2135
473,chair,5003
474,table,2417
475,bench_chair,2287
476,bench_chair,1323
477,desk,297
478,ottoman,6466
479,shoes_cabinet,1699
480,dresser,1303
481,wardrobe_cabinet,2140
482,bookshelf,1697
483,stand,1651
485,desk,679
486,desk,570
487,desk,1440
488,stand,562
489,stand,1195
490,stand,988
491,armchair,3473
492,shelving,1173
493,shelving,3324
494,desk,678
495,tv_stand,967
496,chair,3053
497,partition,11089
498,partition,7453
499,towel_rack,16351
500,chair,4515
501,chair,5685
502,partition,5057
503,wardrobe_cabinet,1102
504,dining_table,904
505,shelving,2750
506,desk,2269
507,armchair,1388
508,shelving,3347
509,dresser,1261
510,heater,16604
511,armchair,604
512,wardrobe_cabinet,1756
513,stand,2451
514,desk,1900
515,table_lamp,1368
516,office_chair,3954
517,floor_lamp,13931
518,whiteboard,3035
519,fireplace,5952
520,floor_lamp,1695
521,floor_lamp,3888
522,piano,3209
523,floor_lamp,7086
524,floor_lamp,2804
525,dining_table,1781
526,hanger,1921
527,hanger,7235
528,kitchen_cabinet,1173
529,vase,11486
530,plates,17723
531,candle,9082
532,office_chair,4001
533,desk,1172
534,stand,1117
535,armchair,937
536,utensil_holder,9112
537,food_processor,2537
538,knife_rack,11843
539,coffee_kettle,1860
540,toy,3492
541,ottoman,6417
542,coffee_table,3324
543,coffee_table,750
544,ottoman,2062
545,ottoman,3707
546,coffee_table,1671
547,ottoman,2672
548,ottoman,1706
549,coffee_table,918
550,coffee_table,357
551,coffee_table,1233
552,coffee_table,500
553,ottoman,6117
554,ottoman,909
555,coffee_table,1944
556,coffee_table,1578
557,ottoman,2251
558,ottoman,2934
559,ottoman,2272
560,ottoman,1554
561,coffee_table,1252
562,pool,3753
563,coffee_table,1773
564,coffee_table,453
565,coffee_table,915
566,coffee_table,1667
567,coffee_table,1821
568,coffee_table,1681
569,coffee_table,467
57,sofa,3933
570,tv_stand,1278
577,tv_stand,1482
579,coffee_table,874
580,coffee_table,1661
586,coffee_table,1064
587,coffee_table,2200
589,coffee_table,1580
590,tv_stand,1763
591,coffee_table,538
592,coffee_table,1092
593,kitchen_cabinet,7150
594,kitchen_cabinet,5316
595,kitchen_cabinet,1583
596,kitchen_cabinet,2367
597,kitchen_cabinet,1899
598,kitchen_cabinet,3845
599,kitchen_cabinet,6575
60,bathtub,3184
600,kitchen_cabinet,4429
601,kitchen_cabinet,1797
602,kitchen_cabinet,4982
603,kitchen_cabinet,2398
604,kitchen_cabinet,3429
605,bench_chair,4424
606,wardrobe_cabinet,682
607,shelving,1031
608,tv_stand,1436
609,wardrobe_cabinet,415
610,wardrobe_cabinet,495
611,wardrobe_cabinet,585
612,shelving,4661
613,wardrobe_cabinet,1794
614,wardrobe_cabinet,1176
615,dresser,2349
616,tv_stand,865
617,tv_stand,1254
618,tv_stand,2778
620,plant,12779
621,curtain,13277
622,curtain,9946
623,plant,32692
624,plant,19041
625,curtain,21576
626,chandelier,20030
627,chandelier,25055
628,chandelier,9036
629,chandelier,15581
63,sofa,1995
630,chandelier,18414
631,chandelier,8615
632,chandelier,12847
633,chandelier,11725
634,plant,19604
635,pool,6627
636,chandelier,4716
637,plant,11524
638,wardrobe_cabinet,787
639,wardrobe_cabinet,692
64,sofa,1964
640,trash_can,2255
641,ATM,1195
645,sofa,1938
646,armchair,2045
647,ottoman,3564
648,toy,5532
649,chandelier,7454
650,ceiling_fan,11805
651,xbox,8552
652,kitchen_cabinet,1954
653,kitchen_cabinet,2090
654,dining_table,2669
655,dining_table,1809
656,dining_table,2674
657,kitchen_cabinet,2085
658,kitchen_cabinet,519
659,hanging_kitchen_cabinet,1183
660,hanging_kitchen_cabinet,1791
661,range_hood,2245
662,kitchen_cabinet,1727
663,kitchen_cabinet,1077
664,dining_table,1189
665,kitchen_cabinet,2845
666,kitchen_cabinet,2889
667,hanging_kitchen_cabinet,4403
668,hanging_kitchen_cabinet,5293
669,kitchen_cabinet,8010
67,armchair,5442
670,kitchen_cabinet,4476
671,kitchen_cabinet,2730
672,kitchen_cabinet,2956
673,kitchen_cabinet,2342
674,shelving,2663
675,dining_table,1399
676,dining_table,800
677,office_chair,4409
678,fruit_bowl,16309
679,picture_frame,11524
680,picture_frame,17124
681,picture_frame,18290
682,bench_chair,1556
683,table_lamp,7924
684,table_lamp,8358
685,table_lamp,1390
686,goal_post,4386
687,pet,3311
688,pet,4761
689,pet,2641
69,armchair,10367
690,sofa,1179
691,outdoor_lamp,16331
692,sofa,1331
693,armchair,2292
70,armchair,2043
700,sofa,1865
702,pool,4332
703,outdoor_seating,1650
704,outdoor_seating,1837
706,outdoor_seating,879
707,outdoor_seating,2128
708,outdoor_seating,2245
709,chair,902
71,coffee_table,6493
710,chair,722
711,chair,456
712,chair,748
713,coffee_table,1069
714,coffee_table,406
715,coffee_table,609
716,coffee_table,604
717,plant,53471
718,plant,47906
719,plant,17226
720,plant,66600
721,plant,13736
722,fence,14350
723,plant,24032
724,plant,24257
725,plant,22401
726,plant,30468
727,plant,8801
728,plant,12998
729,pool,3310
73,door,24818
730,pool,1695
731,plant,5679
732,plant,3005
733,plant,4499
734,plant,8029
735,plant,4223
736,plant,8820
737,plant,3055
738,plant,8189
739,plant,7256
74,sink,4855
740,plant,3846
741,plant,6139
742,plant,8963
743,umbrella,2124
744,umbrella,2776
745,sofa,1228
746,umbrella,1933
747,curtain,20639
748,curtain,3284
749,umbrella,3542
75,double_bed,7207
750,curtain,2271
751,curtain,1569
752,window,58002
753,window,26856
754,window,29495
755,window,20167
756,door,20054
757,door,10066
758,door,5087
759,door,11163
760,door,7772
761,door,7185
762,door,10312
763,door,5628
764,door,2888
766,window,9380
767,window,22863
768,door,14254
769,door,11252
77,double_bed,9273
770,door,20952
773,wardrobe_cabinet,3084
775,fence,8512
776,fence,13304
777,fence,8327
778,arch,20255
779,arch,10052
78,single_bed,21070
780,arch,8017
781,picture_frame,59597
782,stairs,751
783,stairs,996
784,stairs,890
785,stairs,3715
786,plant,569
79,sink,6666
797,roof,13792
80,bathtub,9618
81,bathtub,5295
82,bathtub,10692
83,toilet,44937
85,washer,22010
86,kitchen_cabinet,3898
87,sink,5904
88,chair,15966
89,chair,16343
90,chair,5885
91,chair,3495
92,kitchen_cabinet,17623
93,tv_stand,1583
94,kitchen_cabinet,4847
95,shelving,4355
97,shelving,2354
98,dresser,1286
99,kitchen_cabinet,6147
s__1000,stand,220
s__1001,wardrobe_cabinet,208
s__1002,dresser,156
s__1003,coffee_table,529
s__1004,coffee_table,432
s__1005,coffee_table,256
s__1006,coffee_table,424
s__1007,coffee_table,186
s__1008,coffee_table,117
s__1009,coffee_table,112
s__1010,coffee_table,299
s__1011,coffee_table,255
s__1012,coffee_table,173
s__1013,coffee_table,273
s__1014,coffee_table,206
s__1015,coffee_table,243
s__1016,coffee_table,336
s__1017,chair,1029
s__1018,coffee_table,502
s__1019,chair,564
s__1020,desk,20
s__1021,desk,102
s__1022,desk,59
s__1023,desk,139
s__1024,wall_lamp,438
s__1025,chandelier,1250
s__1026,table_lamp,389
s__1027,chandelier,882
s__1028,wall_lamp,459
s__1029,kitchen_cabinet,108
s__1030,kitchen_cabinet,605
s__1031,kitchen_cabinet,117
s__1032,kitchen_cabinet,319
s__1033,kitchen_cabinet,269
s__1034,kitchen_cabinet,168
s__1035,kitchen_cabinet,182
s__1036,kitchen_cabinet,116
s__1037,coffee_table,154
s__1038,chair,94
s__1039,chair,502
s__1040,chair,382
s__1051,kitchen_cabinet,212
s__1052,kitchen_cabinet,73
s__1053,kitchen_cabinet,121
s__1054,kitchen_cabinet,266
s__1055,kitchen_cabinet,187
s__1056,kitchen_cabinet,132
s__1057,kitchen_cabinet,129
s__1058,range_oven,359
s__1059,chandelier,287
s__1060,range_hood,290
s__1061,shelving,782
s__1062,chair,505
s__1063,hanging_kitchen_cabinet,353
s__1064,kitchen_cabinet,46
s__1066,kitchen_cabinet,167
s__1067,sofa,150
s__1068,stand,92
s__1069,chandelier,1146
s__1070,chandelier,586
s__1071,chandelier,395
s__1072,wall_lamp,1256
s__1073,dining_table,110
s__1074,chair,443
s__1075,kitchen_cabinet,211
s__1076,hanging_kitchen_cabinet,95
s__1077,kitchen_cabinet,422
s__1078,kitchen_cabinet,194
s__1079,dining_table,64
s__1080,chair,320
s__1081,chandelier,232
s__1082,chandelier,210
s__1083,chair,347
s__1084,hanging_kitchen_cabinet,177
s__1085,hanging_kitchen_cabinet,142
s__1086,hanging_kitchen_cabinet,519
s__1087,chandelier,2284
s__1088,kitchen_cabinet,254
s__1089,sofa,161
s__1090,rug,1024
s__1091,candle,201
s__1092,ottoman,128
s__1093,armchair,240
s__1094,ottoman,168
s__1095,shelving,275
s__1096,dining_table,80
s__1097,sofa,263
s__1098,dining_table,52
s__1099,coffee_table,75
s__1100,coffee_table,68
s__1101,chair,915
s__1102,floor_lamp,41
s__1103,wall_lamp,133
s__1104,coffee_table,118
s__1105,wardrobe_cabinet,197
s__1106,coffee_table,197
s__1107,coffee_table,205
s__1108,wall_lamp,164
s__1109,table_lamp,216
s__1110,fireplace,251
s__1111,dresser,116
s__1112,sofa,185
s__1113,armchair,382
s__1114,chandelier,428
s__1115,table_lamp,261
s__1116,floor_lamp,106
s__1117,chair,121
s__1118,coffee_table,29
s__1119,dining_table,95
s__1120,dining_table,70
s__1121,chair,600
s__1122,coffee_table,39
s__1123,chair,201
s__1124,chair,172
s__1125,armchair,29
s__1126,sofa,134
s__1127,sofa,233
s__1128,candle,165
s__1129,ceiling_fan,123
s__1130,coffee_table,387
s__1131,bathtub,630
s__1132,sink,1154
s__1133,chair,290
s__1134,shelving,661
s__1135,coffee_table,212
s__1136,toilet,2662
s__1137,toy,1326
s__1138,toilet,864
s__1139,wall_lamp,817
s__1140,wall_lamp,726
s__1141,range_oven_with_hood,130
s__1142,kitchen_cabinet,149
s__1143,kitchen_cabinet,135
s__1144,kitchen_cabinet,133
s__1145,kitchen_cabinet,119
s__1146,kitchen_cabinet,166
s__1147,kitchen_cabinet,23
s__1148,kitchen_cabinet,202
s__1149,chair,138
s__1150,hanging_kitchen_cabinet,91
s__1151,hanging_kitchen_cabinet,43
s__1152,chandelier,323
s__1153,chandelier,115
s__1154,chandelier,150
s__1155,wall_lamp,116
s__1156,kitchen_cabinet,28
s__1157,kitchen_cabinet,213
s__1158,dresser,115
s__1159,coffee_table,41
s__1160,wall_lamp,52
s__1161,dining_table,117
s__1162,dresser,89
s__1163,chair,386
s__1164,chair,117
s__1165,mirror,873
s__1166,armchair,113
s__1167,coffee_table,76
s__1168,mirror,239
s__1169,coffee_table,187
s__1170,dining_table,194
s__1171,sofa,152
s__1172,armchair,301
s__1173,chair,86
s__1174,floor_lamp,134
s__1175,chair,100
s__1176,armchair,115
s__1177,sofa,90
s__1178,chandelier,322
s__1179,dining_table,36
s__1180,coffee_table,118
s__1183,bookshelf,63
s__1184,bookshelf,34
s__1185,bookshelf,9
s__1186,bookshelf,10
s__1187,bookshelf,2
s__1188,bookshelf,24
s__1189,bookshelf,25
s__1190,bookshelf,22
s__1192,bookshelf,11
s__1193,bookshelf,17
s__1195,bookshelf,90
s__1196,bookshelf,171
s__1197,bookshelf,61
s__1198,wardrobe_cabinet,5
s__1199,bookshelf,75
s__1200,bookshelf,20
s__1202,bookshelf,23
s__1203,bookshelf,11
s__1204,bookshelf,6
s__1205,bookshelf,30
s__1206,wardrobe_cabinet,21
s__1207,wardrobe_cabinet,61
s__1208,bookshelf,60
s__1209,bookshelf,43
s__1210,bookshelf,69
s__1211,shelving,39
s__1212,bookshelf,12
s__1213,bookshelf,55
s__1214,bookshelf,17
s__1215,bookshelf,1
s__1216,bookshelf,21
s__1217,wardrobe_cabinet,40
s__1218,wardrobe_cabinet,67
s__1219,wardrobe_cabinet,91
s__1220,wardrobe_cabinet,39
s__1221,wardrobe_cabinet,35
s__1222,desk,113
s__1223,shelving,28
s__1224,shelving,23
s__1225,desk,51
s__1226,shelving,27
s__1227,bookshelf,3
s__1228,bookshelf,6
s__1230,bookshelf,25
s__1231,bookshelf,40
s__1232,bookshelf,8
s__1234,bookshelf,21
s__1235,bookshelf,14
s__1237,bookshelf,24
s__1239,bookshelf,73
s__1240,bookshelf,59
s__1241,wardrobe_cabinet,183
s__1242,stand,55
s__1243,dressing_table,48
s__1244,dressing_table,91
s__1245,wardrobe_cabinet,11
s__1246,double_bed,11
s__1247,double_bed,7
s__1248,bathtub,144
s__1249,sink,170
s__1250,toilet,980
s__1251,toilet,412
s__1252,wardrobe_cabinet,185
s__1253,wardrobe_cabinet,219
s__1254,chair,360
s__1255,chandelier,643
s__1256,wall_lamp,201
s__1257,wall_lamp,465
s__1268,wall_lamp,411
s__1269,mirror,821
s__1270,sink,71
s__1271,wall_lamp,74
s__1272,mirror,316
s__1273,sink,64
s__1274,wall_lamp,82
s__1275,mirror,442
s__1276,window,6
s__1277,sink,16
s__1278,wall_lamp,69
s__1279,sink,65
s__1280,wall_lamp,287
s__1281,dresser,60
s__1282,wall_lamp,61
s__1283,sink,95
s__1284,bathtub,101
s__1285,shower,581
s__1286,sofa,152
s__1287,coffee_table,52
s__1288,armchair,27
s__1289,ottoman,97
s__1290,sofa,598
s__1291,vase,535
s__1292,chandelier,775
s__1293,mirror,274
s__1294,dresser,78
s__1295,dining_table,15
s__1296,floor_lamp,236
s__1297,table_lamp,203
s__1298,coffee_table,143
s__1299,wardrobe_cabinet,55
s__1300,shelving,55
s__1301,vase,694
s__1302,double_bed,127
s__1303,armchair,123
s__1304,desk,160
s__1305,chair,505
s__1306,table_lamp,138
s__1307,stand,289
s__1308,ottoman,387
s__1309,fireplace,244
s__1310,wall_lamp,163
s__1311,table_lamp,278
s__1312,mirror,189
s__1313,fireplace,207
s__1314,chair,51
s__1315,stand,74
s__1316,coffee_table,42
s__1317,coffee_table,60
s__1318,table_lamp,120
s__1319,bathtub,411
s__1320,sink,141
s__1321,toilet_paper,2553
s__1322,shower,540
s__1323,sink,263
s__1324,ottoman,91
s__1325,wall_lamp,229
s__1326,towel_hanger,820
s__1327,towel_hanger,1616
s__1328,mirror,234
s__1329,wall_lamp,275
s__1330,sofa,66
s__1331,ottoman,45
s__1332,coffee_table,38
s__1333,chandelier,357
s__1334,chair,5
s__1335,plant,118
s__1336,tv_stand,38
s__1337,armchair,258
s__1338,desk,58
s__1339,mirror,679
s__1340,armchair,234
s__1341,table_lamp,511
s__1342,table_lamp,79
s__1343,toy,671
s__1344,tricycle,194
s__1345,toy,86
s__1346,toy,111
s__1347,toy,775
s__1348,toy,132
s__1349,toy,166
s__1350,toy,126
s__1351,toy,153
s__1352,toy,125
s__1353,desk,8
s__1354,desk,3
s__1355,wardrobe_cabinet,4
s__1356,wardrobe_cabinet,6
s__1357,wardrobe_cabinet,20
s__1358,wardrobe_cabinet,11
s__1359,wardrobe_cabinet,9
s__1360,wardrobe_cabinet,9
s__1361,wardrobe_cabinet,12
s__1362,shelving,13
s__1363,desk,1
s__1364,desk,10
s__1365,desk,9
s__1366,desk,1
s__1367,desk,7
s__1368,tv_stand,6
s__1369,wardrobe_cabinet,2
s__1370,stand,1
s__1371,wardrobe_cabinet,1
s__1372,desk,2
s__1374,desk,1
s__1377,desk,1
s__1378,wardrobe_cabinet,2
s__1379,wardrobe_cabinet,1
s__1382,wardrobe_cabinet,1
s__1384,stand,3
s__1392,desk,1
s__1393,desk,3
s__1394,desk,2
s__1396,table,1
s__1398,wardrobe_cabinet,1
s__1399,wardrobe_cabinet,4
s__1400,bookshelf,4
s__1401,bookshelf,4
s__1402,bookshelf,2
s__1403,bookshelf,1
s__1404,wardrobe_cabinet,2
s__1405,wardrobe_cabinet,5
s__1406,wardrobe_cabinet,5
s__1407,wardrobe_cabinet,7
s__1408,wardrobe_cabinet,3
s__1410,shelving,3
s__1411,shelving,4
s__1412,shelving,2
s__1413,wardrobe_cabinet,4
s__1414,wardrobe_cabinet,2
s__1415,stand,2
s__1416,stand,4
s__1418,desk,1
s__1419,desk,6
s__1422,desk,1
s__1423,desk,2
s__1426,desk,1
s__1427,desk,1
s__1428,desk,1
s__1429,desk,2
s__1431,table,4
s__1432,table,1
s__1433,table,3
s__1434,toy,5
s__1435,shelving,1
s__1438,table,1
s__1439,table,1
s__1443,stand,1
s__1445,bookshelf,1
s__1446,wardrobe_cabinet,3
s__1448,bookshelf,1
s__1452,desk,20
s__1461,desk,2
s__1462,toy,1
s__1465,wardrobe_cabinet,1
s__1467,wardrobe_cabinet,2
s__1473,desk,2
s__1474,desk,1
s__1476,desk,1
s__1486,stand,1
s__1487,shelving,1
s__1490,partition,37
s__1491,partition,39
s__1492,partition,12
s__1493,wardrobe_cabinet,42
s__1494,stand,49
s__1495,desk,5
s__1496,desk,27
s__1497,wardrobe_cabinet,48
s__1498,wardrobe_cabinet,5
s__1499,desk,27
s__1500,wood_board,1
s__1501,double_bed,30
s__1502,double_bed,9
s__1503,single_bed,36
s__1504,office_chair,18
s__1505,chair,39
s__1506,chair,24
s__1507,office_chair,2
s__1508,office_chair,1
s__1509,wardrobe_cabinet,11
s__1510,desk,7
s__1511,wardrobe_cabinet,6
s__1512,wardrobe_cabinet,5
s__1513,wardrobe_cabinet,12
s__1514,bookshelf,6
s__1515,stand,9
s__1516,desk,8
s__1517,tv_stand,8
s__1518,shelving,3
s__1519,office_chair,2
s__1520,office_chair,3
s__1521,office_chair,9
s__1522,office_chair,12
s__1523,office_chair,11
s__1524,office_chair,2
s__1525,office_chair,14
s__1526,office_chair,1
s__1527,office_chair,12
s__1528,office_chair,3
s__1529,office_chair,9
s__1531,office_chair,2
s__1532,office_chair,6
s__1533,office_chair,1
s__1534,office_chair,6
s__1535,office_chair,8
s__1536,office_chair,3
s__1537,office_chair,14
s__1539,office_chair,25
s__1540,toy,112
s__1541,plant,2504
s__1542,outdoor_lamp,966
s__1543,plant,853
s__1544,mirror,382
s__1545,grill,177
s__1546,coffee_table,111
s__1547,chair,98
s__1548,kitchen_cabinet,76
s__1549,clock,538
s__1550,armchair,173
s__1551,coffee_table,98
s__1552,sink,508
s__1553,bathtub,212
s__1554,trash_can,84
s__1555,shower,502
s__1556,mirror,850
s__1557,chandelier,209
s__1558,wall_lamp,122
s__1559,mirror,309
s__1560,toy,82
s__1561,ottoman,273
s__1562,double_bed,412
s__1563,pet,113
s__1631,pet,116
s__1632,pet,179
s__1633,pet,83
s__1634,pet,164
s__1635,pet,38
s__1636,pet,6
s__1637,pet,13
s__1638,pet,90
s__1639,fishbowl,130
s__1640,pet,100
s__1641,clock,323
s__1642,clock,292
s__1643,clock,114
s__1644,toy,169
s__1645,gramophone,115
s__1646,toy,225
s__1647,rug,2066
s__1648,telephone,385
s__1649,rifle_on_wall,144
s__1650,pillow,2172
s__1651,pillow,2374
s__1652,pillow,1187
s__1653,pillow,892
s__1654,pillow,7010
s__1655,toy,323
s__1656,toy,424
s__1657,toy,215
s__1658,toy,337
s__1659,toy,968
s__1660,cup,318
s__1661,toy,213
s__1662,toy,122
s__1663,toy,300
s__1664,dresser,89
s__1665,armchair,209
s__1666,armchair,101
s__1667,dining_table,162
s__1668,armchair,266
s__1669,coffee_table,234
s__1670,fireplace,119
s__1671,dresser,68
s__1672,sofa,134
s__1673,ottoman,136
s__1674,sofa,151
s__1675,floor_lamp,77
s__1676,chandelier,608
s__1677,table_lamp,160
s__1678,table_lamp,195
s__1679,chair,367
s__1680,toilet,539
s__1681,toilet,146
s__1682,toilet,39
s__1683,stand,148
s__1684,toilet,554
s__1685,sink,139
s__1686,sink,190
s__1687,mirror,268
s__1688,mirror,198
s__1689,sink,172
s__1690,sink,324
s__1691,sink,181
s__1692,sink,142
s__1693,bathtub,465
s__1694,bathtub,365
s__1695,bathtub,82
s__1696,bathtub,217
s__1697,bathtub,133
s__1698,table_lamp,184
s__1699,chandelier,752
s__1700,armchair,54
s__1701,chair,178
s__1702,dining_table,63
s__1703,chandelier,632
s__1704,double_bed,206
s__1705,chair,118
s__1706,wardrobe_cabinet,31
s__1707,chandelier,328
s__1708,chandelier,156
s__1709,floor_lamp,345
s__1710,chair,767
s__1711,chair,206
s__1712,chair,575
s__1713,dresser,116
s__1714,double_bed,101
s__1715,chair,227
s__1716,dining_table,119
s__1717,chair,186
s__1718,dining_table,45
s__1719,floor_lamp,220
s__1720,coffee_table,187
s__1721,table_lamp,110
s__1722,car,545
s__1723,car,703
s__1724,car,615
s__1725,car,634
s__1726,wardrobe_cabinet,14
s__1727,wardrobe_cabinet,1
s__1728,stand,11
s__1730,wardrobe_cabinet,1
s__1732,dresser,8
s__1735,wardrobe_cabinet,6
s__1736,stand,7
s__1737,wardrobe_cabinet,4
s__1738,dresser,3
s__1739,kitchen_cabinet,5
s__1741,dining_table,1
s__1742,game_table,4
s__1743,wardrobe_cabinet,13
s__1744,wardrobe_cabinet,7
s__1745,wardrobe_cabinet,7
s__1746,office_chair,22
s__1747,office_chair,4
s__1748,chair,155
s__1749,sofa,25
s__1750,sofa,8
s__1751,sofa,9
s__1752,bicycle,360
s__1753,bicycle,264
s__1760,sofa,58
s__1761,chair,55
s__1762,door,134
s__1763,door,247
s__1764,door,225
s__1765,door,178
s__1766,door,437
s__1767,door,90
s__1768,door,446
s__1769,door,716
s__1770,door,2164
s__1771,door,523
s__1772,door,653
s__1773,door,1228
s__1774,double_bed,107
s__1775,double_bed,129
s__1776,double_bed,103
s__1777,double_bed,413
s__1778,wardrobe_cabinet,178
s__1779,person,391
s__1780,person,278
s__1781,person,347
s__1782,person,116
s__1783,person,38
s__1784,person,366
s__1785,person,298
s__1786,person,293
s__1787,person,58
s__1788,person,21
s__1789,stand,438
s__1790,wardrobe_cabinet,653
s__1791,double_bed,62
s__1792,double_bed,202
s__1793,vase,352
s__1794,vase,296
s__1795,vase,168
s__1796,vase,814
s__1797,vase,509
s__1798,vase,167
s__1799,vase,361
s__1800,vase,213
s__1801,vase,649
s__1802,vase,999
s__1803,vase,300
s__1804,vase,667
s__1805,vase,256
s__1806,vase,138
s__1807,vase,298
s__1808,vase,181
s__1809,vase,175
s__1810,vase,195
s__1811,vase,292
s__1812,vase,315
s__1814,cellphone,589
s__1815,camera,446
s__1816,ipad,609
s__1817,tripod,120
s__1818,toy,72
s__1819,telephone,1119
s__1820,stationary_container,886
s__1821,headphones_on_stand,506
s__1822,helmet,172
s__1823,shoes,866
s__1824,cup,925
s__1825,food_tray,269
s__1826,jug,426
s__1827,containers,993
s__1828,utensil_holder,641
s__1829,spoon,67
s__1830,knife,41
s__1831,fork,57
s__1832,teapot,321
s__1833,cup,1157
s__1834,jug,247
s__1835,container,315
s__1836,fruit_bowl,692
s__1837,coffee_table,50
s__1838,table_lamp,103
s__1839,chandelier,508
s__1840,table_lamp,51
s__1841,chandelier,565
s__1842,double_bed,283
s__1843,double_bed,248
s__1844,bread,391
s__1845,trinket,937
s__1846,trinket,137
s__1847,trinket,539
s__1848,trinket,251
s__1850,food,226
s__1851,place_setting,1838
s__1852,trinket,278
s__1853,trinket,206
s__1854,armchair,69
s__1855,trinket,104
s__1856,trinket,187
s__1857,trinket,199
s__1858,toy,95
s__1859,toy,157
s__1860,candle,621
s__1861,candle,380
s__1862,candle,830
s__1863,stand,277
s__1864,candle,278
s__1865,trinket,304
s__1866,trinket,186
s__1867,toy,216
s__1868,toy,95
s__1869,toy,295
s__1870,toy,135
s__1871,dining_table,38
s__1872,coffee_table,81
s__1873,bench_chair,150
s__1874,dining_table,77
s__1875,mirror,748
s__1876,armchair,874
s__1877,chair,1585
s__1878,floor_lamp,247
s__1879,sofa,152
s__1880,table_lamp,30
s__1881,chandelier,292
s__1882,sofa,66
s__1883,chandelier,4824
s__1884,dresser,209
s__1885,armchair,129
s__1886,chair,51
s__1887,ottoman,143
s__1888,coffee_table,48
s__1889,tv_stand,73
s__1890,hanger,74
s__1891,hanger,128
s__1892,coffee_table,173
s__1893,dining_table,83
s__1894,coffee_table,78
s__1895,curtain,1290
s__1896,curtain,801
s__1897,curtain,816
s__1898,curtain,1704
s__1899,curtain,759
s__1900,curtain,2353
s__1901,curtain,716
s__1902,curtain,592
s__1903,curtain,538
s__1904,motorcycle,238
s__1905,chair,104
s__1906,chair,331
s__1907,table,61
s__1908,bench_chair,93
s__1909,chair,169
s__1910,fireplace,56
s__1911,outdoor_spring,296
s__1912,table,57
s__1913,outdoor_lamp,415
s__1914,chandelier,353
s__1915,bench_chair,57
s__1916,coffee_table,26
s__1917,outdoor_lamp,547
s__1918,chair,97
s__1919,coffee_table,334
s__1920,bench_chair,490
s__1921,chandelier,4197
s__1922,partition,3203
s__1923,wood_board,845
s__1924,shelving,1385
s__1925,stand,536
s__1926,bench_chair,92
s__1927,chair,46
s__1928,dining_table,73
s__1929,dining_table,43
s__1930,hanger,241
s__1931,chair,58
s__1932,chair,127
s__1933,candle,404
s__1934,kitchen_cabinet,68
s__1935,chandelier,190
s__1936,ladder,292
s__1937,mirror,670
s__1938,ottoman,182
s__1939,bathtub,324
s__1940,desk,94
s__1941,stand,391
s__1942,sink,164
s__1943,sink,128
s__1944,wall_lamp,1392
s__1945,wall_lamp,350
s__1946,sink,111
s__1947,shower,383
s__1948,shower,155
s__1949,cloth,2075
s__1950,drinkbar,107
s__1951,dresser,88
s__1952,coffee_table,12
s__1953,dresser,240
s__1954,game_table,15
s__1955,game_table,10
s__1956,slot_machine,6
s__1957,person,146
s__1958,person,127
s__1959,person,124
s__1960,person,76
s__1961,person,56
s__1962,person,69
s__1963,toy,27
s__1964,poker_chips,63
s__1966,kettle,211
s__1967,cooker,142
s__1968,food_processor,275
s__1969,toaster,395
s__1970,food_processor,103
s__1971,coffee_machine,388
s__1972,food_processor,70
s__1973,refrigerator,147
s__1974,fireplace,268
s__1975,coffee_table,105
s__1976,double_bed,89
s__1977,chandelier,978
s__1978,mirror,273
s__1979,ottoman,46
s__1980,coffee_table,73
s__1981,coffee_table,47
s__1982,coffee_table,136
s__1983,table_lamp,255
s__1984,tv_stand,175
s__1985,armchair,99
s__1986,tv_stand,26
s__1987,dining_table,108
s__1988,coffee_table,22
s__1989,coffee_table,133
s__1990,chair,151
s__1991,armchair,169
s__1992,coffee_table,104
s__1993,sofa,216
s__1994,candle,273
s__1995,chandelier,998
s__1996,single_bed,251
s__1997,stand,126
s__1998,ottoman,103
s__1999,ottoman,23
s__2000,ottoman,20
s__2001,single_bed,122
s__2002,double_bed,70
s__2003,chair,163
s__2004,chair,88
s__2005,desk,26
s__2006,ottoman,36
s__2007,mirror,165
s__2008,table_lamp,169
s__2009,table_lamp,31
s__2010,window,2428
s__2011,window,857
s__2012,window,2333
s__2013,window,496
s__2014,window,1313
s__2015,window,396
s__2016,window,1573
s__2017,window,1067
s__2019,window,483
s__2020,stand,91
s__2021,dresser,86
s__2022,bookshelf,109
s__2023,coffee_table,51
s__2024,wall_lamp,553
s__2025,mirror,144
s__2026,candle,344
s__2027,coffee_table,101
s__2028,table_lamp,39
s__2029,picture_frame,595
s__2030,chair,79
s__2031,drumset,65
s__2032,guitar,269
s__2033,amplifier,84
s__2034,keyboard,84
s__2035,microphone,89
s__2036,accordion,11
s__2037,theremin,15
s__2038,double_bed,10
s__2039,stand,8
s__2040,kitchen_cabinet,61
s__2041,curtain,217
s__2042,dresser,214
s__2043,wardrobe_cabinet,71
s__2044,wardrobe_cabinet,170
s__2045,dressing_table,173
s__2046,dining_table,121
s__2047,stand,272
s__2048,double_bed,148
s__2049,chair,388
s__2050,hanger,70
s__2051,stand,93
s__2052,wardrobe_cabinet,62
s__2053,dresser,90
s__2054,wardrobe_cabinet,39
s__2055,double_bed,89
s__2056,wardrobe_cabinet,55
s__2057,wardrobe_cabinet,30
s__2058,dresser,42
s__2059,armchair,96
s__2060,sofa,71
s__2061,armchair,150
s__2062,armchair,248
s__2083,toy,26
s__2084,toy,31
s__2085,toy,46
s__2086,toy,101
s__2087,toy,86
s__2088,toy,60
s__2089,double_bed,5
s__2090,wardrobe_cabinet,8
s__2091,wardrobe_cabinet,7
s__2092,wardrobe_cabinet,12
s__2093,bookshelf,9
s__2094,bookshelf,5
s__2095,tv_stand,7
s__2096,tv_stand,7
s__2097,stand,2
s__2098,stand,1
s__2099,stand,28
s__2100,stand,15
s__2101,stand,12
s__2103,wardrobe_cabinet,1
s__2104,tv_stand,3
s__2105,wardrobe_cabinet,2
s__2106,tv_stand,19
s__2107,tv_stand,20
s__2108,shelving,43
s__2109,shelving,6
s__2110,tv_stand,5
s__2111,stand,3
s__2112,tv_stand,2
s__2113,desk,5
s__2115,desk,8
s__2116,desk,10
s__2117,desk,7
s__2118,desk,0
s__2119,desk,11
s__2120,coffee_table,3
s__2121,coffee_table,16
s__2122,tv_stand,3
s__2124,tv_stand,13
s__2126,shelving,2
s__2127,tv_stand,2
s__2129,tv_stand,13
s__2130,shelving,13
s__2131,shelving,2
s__2132,double_bed,4
s__2142,shelving,2
s__2145,desk,4
s__2146,shelving,1
s__2153,desk,3
s__2154,desk,1
s__2155,desk,4
s__2156,sofa,84
s__2157,sofa,96
s__2158,sofa,25
s__2159,sofa,63
s__2160,sofa,62
s__2161,sofa,43
s__2162,sofa,42
s__2163,sofa,34
s__2164,sofa,44
s__2165,sofa,20
s__2166,sofa,27
s__2167,armchair,74
s__2168,armchair,54
s__2169,armchair,70
s__2170,armchair,57
s__2171,sofa,55
s__2172,armchair,75
s__2173,sofa,44
s__2174,armchair,44
s__2175,armchair,12
s__2176,sofa,8
s__2177,armchair,102
s__2178,armchair,13
s__2179,armchair,75
s__2180,armchair,30
s__2181,ottoman,38
s__2182,ottoman,14
s__2183,armchair,11
s__2184,ottoman,108
s__2185,armchair,59
s__2186,ottoman,34
s__2187,chair,13
s__2188,chair,107
s__2189,chair,598
s__2190,armchair,31
s__2191,armchair,108
s__2192,chair,109
s__2193,chair,201
s__2194,armchair,69
s__2195,armchair,53
s__2196,armchair,87
s__2197,chair,23
s__2235,chair,45
s__2236,ottoman,16
s__2237,bench_chair,52
s__2238,desk,3
s__2240,wardrobe_cabinet,8
s__2241,wardrobe_cabinet,8
s__2244,desk,2
s__2245,desk,2
s__2254,toy,15
s__2255,chair,27
s__2256,chair,24
s__2257,chair,17
s__2258,bench_chair,57
s__2259,chair,124
s__2260,bench_chair,19
s__2261,chair,50
s__2262,chair,26
s__2263,chair,21
s__2264,chair,79
s__2265,chair,33
s__2266,chair,13
s__2267,chair,79
s__2268,sofa,266
s__2269,chair,165
s__2270,chair,64
s__2271,chair,108
s__2272,chair,65
s__2273,fireplace,128
s__2274,fireplace,11
s__2275,fireplace,36
s__2276,fireplace,33
s__2277,fireplace,27
s__2278,fireplace,22
s__2279,fireplace,47
s__2280,fireplace,65
s__2281,fireplace,23
s__2282,fireplace,17
s__2283,fireplace,2
s__2284,fireplace,67
s__2285,fireplace,9
s__2286,fireplace,53
s__2287,coffee_table,67
s__2288,coffee_table,32
s__2289,coffee_table,52
s__2290,cart,38
s__2291,cart,16
s__2292,coffee_table,21
s__2293,coffee_table,57
s__2294,stand,60
s__2295,coffee_table,71
s__2296,coffee_table,23
s__2297,coffee_table,63
s__2298,coffee_table,33
s__2299,coffee_table,92
s__2300,coffee_table,13
s__2301,coffee_table,85
s__2302,shelving,76
s__2303,shelving,29
s__2304,stand,22
s__2305,shelving,55
s__2306,weight_scale,97
s__2307,toilet_plunger,447
s__2308,soap_dish,144
s__2309,trash_can,312
s__2310,soap_dispenser,763
s__2311,shelving,74
s__2312,towel_hanger,142
s__2313,toiletries,644
s__2314,hair_dryer,110
s__2315,toy,42
s__2316,decoration,237
s__2317,toy,31
s__2318,food,120
s__2319,cake,106
s__2320,toy,44
s__2321,food,68
s__2322,bench_chair,25
s__2323,bench_chair,31
s__2324,bench_chair,16
s__2325,bench_chair,20
s__2326,bench_chair,36
s__2327,bench_chair,130
s__2328,bench_chair,21
s__2329,bench_chair,37
s__2330,bench_chair,17
s__2331,bench_chair,1
s__2332,bench_chair,5
s__2333,bench_chair,26
s__2334,toy,41
s__2335,surveillance_camera,121
s__2336,lawn_mower,48
s__2337,safe,30
s__2338,mailbox,57
s__2339,kitchen_cabinet,136
s__2340,chair,187
s__2341,chair,140
s__2342,partition,61
s__2343,partition,21
s__2344,dresser,134
s__2345,safe,256
s__2346,chair,104
s__2347,double_bed,41
s__2348,outdoor_spring,30
s__2349,outdoor_spring,25
s__2350,coffee_table,31
s__2351,wardrobe_cabinet,6
s__2352,wardrobe_cabinet,18
s__2353,wardrobe_cabinet,18
s__2354,wardrobe_cabinet,12
s__2355,bookshelf,27
s__2356,bookshelf,4
s__2357,clock,153
s__2358,fence,72
s__2359,outdoor_seating,52
s__2360,grill,59
s__2361,grill,64
s__2362,fence,45
s__2363,toy,59
s__2364,clock,77
s__2365,clock,101
s__2366,clock,53
s__2367,clock,110
s__2368,chandelier,3731
s__2369,chandelier,572
s__2370,chandelier,207
s__2371,chandelier,133
s__2372,chandelier,239
s__2373,table_lamp,95
s__2374,floor_lamp,73
s__2375,cart,12
s__2376,cart,9
s__2377,cart,6
s__2378,cart,38
s__2379,cart,9
s__2380,cart,2
s__2381,cart,40
s__2382,cart,8
s__2383,cart,3
s__2384,cart,3
s__2385,cart,8
s__2386,cart,4
s__2387,cart,7
s__2388,shelving,9
s__2389,shelving,14
s__2390,shelving,33
s__2391,shelving,77
s__2392,shelving,275
s__2393,shelving,74
s__2394,shelving,14
s__2395,shelving,10
s__2396,shelving,15
s__2397,shelving,22
s__2398,shelving,70
s__2399,shelving,32
s__2400,shelving,33
s__2401,shelving,11
s__2402,shelving,30
s__2403,shelving,12
s__2404,wardrobe_cabinet,7
s__2405,shelving,6
s__2406,shelving,20
s__2407,stand,14
s__2408,sofa,18
s__2409,sofa,42
s__2410,sofa,25
s__2411,sofa,9
s__2412,sofa,39
s__2413,armchair,26
s__2414,armchair,26
s__2415,armchair,60
s__2416,armchair,342
s__2417,ottoman,19
s__2418,ottoman,22
s__2419,ottoman,7
s__2420,ottoman,72
s__2421,ottoman,34
s__2422,ottoman,18
s__2423,ottoman,20
s__2424,armchair,17
s__2425,sofa,27
s__2426,armchair,31
s__2427,sofa,17
s__2428,stand,33
s__2429,armchair,29
s__2430,armchair,13
s__2431,armchair,9
s__2432,armchair,14
s__2433,armchair,15
s__2434,armchair,20
s__2435,armchair,19
s__2436,armchair,3
s__2437,armchair,9
s__2438,ottoman,18
s__2439,sofa,9
s__2440,sofa,5
s__2441,sofa,27
s__2442,armchair,25
s__2443,armchair,13
s__2444,gym_equipment,15
s__2445,wardrobe_cabinet,4
s__2446,wardrobe_cabinet,4
s__2447,wardrobe_cabinet,1
s__2448,wardrobe_cabinet,4
s__2449,wardrobe_cabinet,7
s__2450,stand,25
s__2451,wardrobe_cabinet,6
s__2452,wardrobe_cabinet,12
s__2453,shelving,1
s__2617,wardrobe_cabinet,6
s__2619,wardrobe_cabinet,2
s__2620,wardrobe_cabinet,4
s__2622,wardrobe_cabinet,1
s__2623,wardrobe_cabinet,1
s__361,sofa,11
s__362,sofa,18
s__363,sofa,29
s__364,sofa,21
s__365,sofa,19
s__366,sofa,8
s__367,sofa,27
s__368,sofa,34
s__369,sofa,10
s__370,sofa,2
s__371,sofa,3
s__372,sofa,37
s__373,sofa,34
s__374,sofa,10
s__375,sofa,20
s__376,sofa,25
s__377,sofa,1
s__378,sofa,15
s__379,sofa,11
s__380,sofa,54
s__382,sofa,49
s__383,sofa,27
s__384,sofa,9
s__385,sofa,445
s__386,sofa,616
s__387,desk,375
s__388,desk,536
s__389,dresser,351
s__390,desk,930
s__391,wardrobe_cabinet,281
s__392,desk,678
s__393,shelving,197
s__394,armchair,529
s__395,armchair,687
s__396,shelving,298
s__397,wardrobe_cabinet,407
s__398,shelving,241
s__399,armchair,2111
s__400,single_bed,177
s__401,single_bed,178
s__402,sink,743
s__403,single_bed,375
s__404,single_bed,242
s__405,sink,516
s__406,single_bed,255
s__407,baby_bed,231
s__408,baby_bed,177
s__409,sink,370
s__410,sink,705
s__411,shelving,815
s__412,shelving,693
s__413,shelving,887
s__414,shelving,1250
s__415,shelving,588
s__416,double_bed,1139
s__417,double_bed,1013
s__418,double_bed,2476
s__419,double_bed,1105
s__420,single_bed,2122
s__421,chair,890
s__422,bunker_bed,1505
s__423,chair,502
s__424,chair,871
s__425,chair,1424
s__426,chair,1748
s__427,chair,999
s__428,bunker_bed,437
s__429,wardrobe_cabinet,335
s__430,dresser,160
s__431,wardrobe_cabinet,193
s__432,wardrobe_cabinet,783
s__433,chandelier,20871
s__434,coffee_table,492
s__435,dining_table,654
s__436,chandelier,2662
s__437,tv_stand,743
s__438,tv_stand,364
s__439,stand,168
s__440,stand,560
s__441,stand,1319
s__442,stand,681
s__443,stand,629
s__444,wardrobe_cabinet,369
s__445,shelving,259
s__446,tv_stand,81
s__447,tv_stand,1080
s__448,tv_stand,303
s__449,shelving,215
s__450,wardrobe_cabinet,299
s__451,chandelier,3613
s__452,tv_stand,294
s__453,chair,513
s__454,dresser,236
s__455,dresser,365
s__456,kitchen_cabinet,355
s__457,kitchen_cabinet,250
s__458,sofa,222
s__459,tv_stand,186
s__460,sofa,274
s__461,sofa,1046
s__462,dressing_table,415
s__463,shelving,308
s__464,shelving,787
s__465,tv_stand,74
s__466,shoes_cabinet,255
s__467,bookshelf,171
s__468,sofa,554
s__469,desk,72
s__470,desk,463
s__471,desk,135
s__472,wardrobe_cabinet,443
s__473,shelving,271
s__474,chandelier,1338
s__475,desk,429
s__476,desk,214
s__477,sofa,162
s__478,chandelier,2424
s__479,chandelier,5986
s__480,desk,94
s__481,coffee_table,346
s__482,desk,305
s__483,desk,341
s__484,desk,276
s__485,desk,297
s__486,chandelier,1123
s__487,chandelier,28384
s__488,chandelier,2578
s__489,desk,442
s__490,shelving,671
s__491,wardrobe_cabinet,366
s__492,wardrobe_cabinet,496
s__493,shelving,1154
s__494,wardrobe_cabinet,120
s__495,wardrobe_cabinet,361
s__496,wardrobe_cabinet,322
s__497,shelving,451
s__498,shelving,628
s__499,stairs,763
s__500,sofa,645
s__501,sofa,257
s__502,sofa,1270
s__503,sofa,187
s__504,sofa,558
s__505,floor_lamp,259
s__506,floor_lamp,442
s__507,floor_lamp,557
s__508,floor_lamp,211
s__509,floor_lamp,379
s__510,shelving,586
s__511,stand,842
s__512,desk,293
s__513,sofa,921
s__514,sofa,1198
s__515,sofa,1124
s__516,tv_stand,603
s__517,wardrobe_cabinet,575
s__518,sofa,520
s__519,wardrobe_cabinet,970
s__520,shelving,468
s__521,bookshelf,397
s__522,dresser,211
s__523,dresser,175
s__524,bookshelf,559
s__525,dresser,706
s__526,dresser,293
s__527,sofa,1545
s__528,sofa,644
s__529,sofa,568
s__530,sofa,394
s__531,dresser,252
s__532,dresser,782
s__533,mirror,7
s__536,sink,772
s__537,wardrobe_cabinet,616
s__538,mirror,747
s__539,stand,453
s__540,chair,2688
s__541,sink,3635
s__542,sink,465
s__543,sofa,412
s__544,mirror,30
s__545,dining_table,118
s__546,dining_table,188
s__547,dining_table,124
s__548,dining_table,37
s__549,sofa,1014
s__550,wardrobe_cabinet,231
s__551,coffee_table,554
s__552,desk,201
s__553,tv_stand,305
s__554,coffee_table,177
s__555,coffee_table,456
s__556,shelving,529
s__557,sink,1928
s__558,sink,1254
s__559,wardrobe_cabinet,399
s__560,sink,2335
s__561,coffee_table,673
s__562,wardrobe_cabinet,597
s__563,dresser,1285
s__564,wardrobe_cabinet,489
s__565,wardrobe_cabinet,237
s__566,wardrobe_cabinet,396
s__567,wardrobe_cabinet,324
s__568,shelving,373
s__569,tv_stand,233
s__570,wardrobe_cabinet,390
s__571,wardrobe_cabinet,256
s__572,wardrobe_cabinet,155
s__573,wardrobe_cabinet,157
s__574,office_chair,2349
s__575,chair,2681
s__576,sink,2153
s__577,sink,180
s__578,mirror,1026
s__579,vase,784
s__580,table_lamp,1343
s__581,wardrobe_cabinet,211
s__582,wardrobe_cabinet,238
s__583,chair,1196
s__584,shoes_cabinet,398
s__585,outdoor_seating,3030
s__586,outdoor_lamp,107
s__587,sofa,756
s__588,sofa,1068
s__589,bunker_bed,312
s__590,wardrobe_cabinet,1129
s__591,wardrobe_cabinet,420
s__592,dresser,691
s__593,desk,550
s__594,stand,1073
s__595,coffee_table,619
s__596,chair,415
s__597,coffee_table,1074
s__598,sofa,353
s__599,coffee_table,339
s__600,chair,391
s__601,chair,402
s__602,sofa,952
s__603,sofa,938
s__604,coffee_table,660
s__605,outdoor_seating,192
s__606,outdoor_seating,830
s__607,outdoor_seating,188
s__608,outdoor_seating,224
s__609,outdoor_seating,243
s__610,outdoor_seating,643
s__611,armchair,1957
s__612,stand,312
s__613,outdoor_seating,106
s__614,outdoor_seating,590
s__615,chair,989
s__616,shelving,88
s__617,wardrobe_cabinet,101
s__618,wardrobe_cabinet,92
s__619,single_bed,256
s__620,wardrobe_cabinet,274
s__621,chair,678
s__622,chair,819
s__623,chair,436
s__624,chair,755
s__625,chair,806
s__626,chair,329
s__627,chair,356
s__628,chair,1321
s__629,chair,5359
s__630,chair,710
s__631,chair,710
s__632,chair,369
s__633,chair,416
s__634,outdoor_seating,555
s__638,sofa,548
s__639,chair_set,1348
s__640,chair_set,1821
s__641,chair_set,835
s__642,sofa,718
s__643,sofa,563
s__644,sofa,342
s__645,sofa,268
s__646,sofa,558
s__647,sofa,426
s__648,sofa,398
s__649,sofa,316
s__650,sofa,992
s__651,sofa,865
s__652,sofa,278
s__653,sofa,281
s__654,sofa,449
s__655,sofa,150
s__656,sofa,255
s__657,sofa,238
s__658,sofa,132
s__659,shelving,211
s__660,sofa,296
s__661,sofa,61
s__662,stand,98
s__663,stand,53
s__664,stand,115
s__665,stand,540
s__666,stand,904
s__667,office_chair,1001
s__668,office_chair,1578
s__669,office_chair,553
s__670,office_chair,613
s__671,office_chair,979
s__672,office_chair,473
s__673,tv_stand,154
s__674,tv_stand,601
s__675,tv_stand,578
s__676,tv_stand,172
s__677,floor_lamp,1668
s__678,floor_lamp,188
s__679,floor_lamp,1319
s__680,tv_stand,250
s__681,stand,67
s__682,stand,36
s__683,dresser,426
s__684,stand,287
s__685,stand,291
s__686,stand,148
s__687,stand,175
s__688,dining_table,645
s__689,dining_table,66
s__690,dining_table,398
s__691,dining_table,672
s__692,dresser,424
s__693,tv_stand,292
s__694,tv_stand,228
s__695,tv_stand,87
s__696,dining_table,208
s__697,dining_table,453
s__698,dining_table,469
s__699,coffee_table,45
s__700,tv_stand,101
s__701,tv_stand,97
s__702,tv_stand,263
s__703,tv_stand,202
s__704,tv_stand,90
s__705,tv_stand,233
s__706,tv_stand,295
s__707,tv_stand,185
s__708,floor_lamp,1847
s__709,floor_lamp,757
s__710,floor_lamp,1099
s__711,floor_lamp,940
s__712,floor_lamp,220
s__713,floor_lamp,1704
s__714,desk,395
s__715,dining_table,163
s__716,dining_table,150
s__717,dining_table,347
s__718,stand,232
s__719,desk,122
s__720,dining_table,219
s__721,desk,384
s__722,desk,226
s__723,shoes_cabinet,232
s__724,chair,460
s__725,chair,790
s__726,chair,317
s__727,chair,275
s__728,hanger,383
s__729,hanger,476
s__730,hanger,523
s__731,hanger,504
s__732,hanger,387
s__733,hanger,551
s__734,desk,348
s__735,dining_table,241
s__736,dining_table,214
s__737,dining_table,219
s__738,dining_table,362
s__739,dining_table,241
s__740,dining_table,91
s__741,dining_table,109
s__742,table_lamp,385
s__743,table_lamp,237
s__744,table_lamp,132
s__745,table_lamp,367
s__746,dresser,311
s__747,wardrobe_cabinet,104
s__748,dresser,268
s__749,shoes_cabinet,256
s__750,shoes_cabinet,235
s__751,shoes_cabinet,220
s__752,shoes_cabinet,646
s__753,shoes_cabinet,253
s__754,shoes_cabinet,98
s__755,shoes_cabinet,111
s__756,wardrobe_cabinet,555
s__757,bookshelf,381
s__758,bookshelf,164
s__759,wall_lamp,2114
s__760,wall_lamp,1486
s__761,wall_lamp,1813
s__762,wall_lamp,1838
s__763,wall_lamp,2537
s__764,table_lamp,585
s__765,table_lamp,199
s__766,table_lamp,374
s__767,table_lamp,286
s__768,floor_lamp,237
s__769,chair,2132
s__770,chair,726
s__771,chair,196
s__772,chair,743
s__773,chair,3034
s__774,chair,817
s__775,bookshelf,91
s__776,bookshelf,215
s__777,wardrobe_cabinet,230
s__778,wardrobe_cabinet,134
s__779,dresser,498
s__780,shelving,689
s__781,tv_stand,333
s__782,shelving,630
s__783,shelving,1103
s__784,shelving,648
s__785,dresser,526
s__786,stand,883
s__787,dresser,1307
s__788,dresser,538
s__789,tv_stand,315
s__790,shelving,2977
s__791,shelving,873
s__792,shelving,1486
s__793,shelving,1715
s__794,shelving,940
s__795,shelving,2472
s__796,shelving,2096
s__797,table_lamp,634
s__798,table_lamp,2562
s__799,table_lamp,1421
s__800,table_lamp,1547
s__801,table_lamp,520
s__802,chair,510
s__803,chair,1078
s__804,chair,3662
s__805,chair,1367
s__806,desk,947
s__807,chair,311
s__808,chair,1268
s__809,chair,1628
s__810,dresser,152
s__811,chair,479
s__812,chair,303
s__813,chair,450
s__814,chair,1301
s__815,sofa,572
s__816,sofa,1169
s__817,sofa,460
s__818,chair,1324
s__819,chair,641
s__820,chair,459
s__821,chair,156
s__822,chair,298
s__823,chair,406
s__824,chair,31
s__825,chair,234
s__826,chair,429
s__827,chair,365
s__828,sink,626
s__829,sink,605
s__830,sink,404
s__831,ottoman,179
s__832,ottoman,859
s__833,ottoman,84
s__834,ottoman,410
s__835,ottoman,490
s__836,ottoman,463
s__837,ottoman,209
s__838,ottoman,360
s__839,ottoman,414
s__840,ottoman,273
s__841,ottoman,250
s__842,ottoman,185
s__843,ottoman,421
s__844,ottoman,2097
s__845,ottoman,446
s__846,wardrobe_cabinet,231
s__847,wardrobe_cabinet,328
s__848,wardrobe_cabinet,121
s__849,wardrobe_cabinet,505
s__850,wardrobe_cabinet,192
s__851,wardrobe_cabinet,502
s__852,stand,336
s__853,wardrobe_cabinet,285
s__854,stand,222
s__855,wardrobe_cabinet,434
s__856,wardrobe_cabinet,127
s__857,wardrobe_cabinet,89
s__858,stand,306
s__859,wardrobe_cabinet,335
s__860,wardrobe_cabinet,220
s__861,wardrobe_cabinet,233
s__862,wardrobe_cabinet,359
s__863,stand,319
s__864,stand,137
s__865,wardrobe_cabinet,314
s__866,stand,128
s__867,stand,316
s__868,range_hood_with_cabinet,240
s__869,range_hood,803
s__870,range_hood_with_cabinet,195
s__871,range_hood,606
s__872,range_hood_with_cabinet,143
s__873,range_hood,359
s__874,range_hood,223
s__875,hanging_kitchen_cabinet,1529
s__876,shelving,576
s__877,shelving,453
s__878,cart,357
s__879,range_hood,206
s__880,range_hood,387
s__881,double_bed,2531
s__882,double_bed,1537
s__883,double_bed,980
s__884,double_bed,569
s__885,single_bed,127
s__886,single_bed,111
s__887,baby_bed,351
s__888,baby_bed,123
s__889,baby_bed,29
s__890,baby_bed,25
s__891,baby_bed,361
s__892,baby_bed,170
s__893,double_bed,1094
s__894,double_bed,934
s__895,tv_stand,288
s__896,tv_stand,928
s__897,wardrobe_cabinet,704
s__898,wardrobe_cabinet,212
s__899,wardrobe_cabinet,280
s__900,wardrobe_cabinet,356
s__901,wardrobe_cabinet,390
s__902,wardrobe_cabinet,292
s__903,wardrobe_cabinet,363
s__904,cart,889
s__905,kitchen_cabinet,203
s__906,kitchen_cabinet,81
s__907,kitchen_cabinet,84
s__908,hanging_kitchen_cabinet,336
s__909,hanging_kitchen_cabinet,153
s__910,kitchen_cabinet,104
s__911,kitchen_cabinet,369
s__912,kitchen_cabinet,1004
s__913,kitchen_cabinet,101
s__914,kitchen_cabinet,1088
s__915,kitchen_cabinet,832
s__916,kitchen_cabinet,222
s__917,stand,170
s__918,kitchen_cabinet,377
s__919,kitchen_cabinet,540
s__920,kitchen_cabinet,222
s__921,kitchen_cabinet,512
s__922,kitchen_cabinet,69
s__923,storage_bench,253
s__924,cart,208
s__925,storage_bench,402
s__926,shelving,439
s__927,shelving,478
s__928,storage_bench,153
s__929,shelving,261
s__930,shelving,49
s__931,shelving,58
s__932,shelving,250
s__933,shelving,85
s__934,wardrobe_cabinet,258
s__935,wardrobe_cabinet,464
s__936,wardrobe_cabinet,254
s__937,wardrobe_cabinet,304
s__938,wardrobe_cabinet,280
s__939,wardrobe_cabinet,231
s__940,wardrobe_cabinet,408
s__941,wardrobe_cabinet,227
s__942,wardrobe_cabinet,147
s__943,wardrobe_cabinet,359
s__944,shelving,158
s__945,shelving,176
s__946,shelving,127
s__947,shelving,149
s__948,shelving,132
s__949,shelving,91
s__950,hanging_kitchen_cabinet,416
s__951,hanging_kitchen_cabinet,1376
s__952,hanging_kitchen_cabinet,624
s__953,hanging_kitchen_cabinet,2317
s__954,hanging_kitchen_cabinet,780
s__955,hanging_kitchen_cabinet,466
s__956,hanging_kitchen_cabinet,380
s__957,hanging_kitchen_cabinet,826
s__958,kitchen_cabinet,844
s__959,kitchen_cabinet,297
s__960,kitchen_cabinet,977
s__961,kitchen_cabinet,388
s__962,kitchen_cabinet,234
s__963,kitchen_cabinet,131
s__964,kitchen_cabinet,38
s__965,chair,477
s__966,chair,472
s__967,chair,257
s__968,chair,190
s__969,storage_bench,120
s__970,shelving,237
s__982,double_bed,221
s__983,wardrobe_cabinet,390
s__984,wardrobe_cabinet,449
s__985,wardrobe_cabinet,1223
s__986,wardrobe_cabinet,943
s__987,wardrobe_cabinet,256
s__988,wardrobe_cabinet,159
s__989,wardrobe_cabinet,332
s__990,wardrobe_cabinet,593
s__991,wardrobe_cabinet,1432
s__992,stand,85
s__993,stand,209
s__994,stand,40
s__995,stand,704
s__996,stand,388
s__997,stand,572
s__998,stand,155
s__999,stand,955
s__999,unknown,19153
s__999,unknown,1504
s__999,unknown,3845
s__999,unknown,3100
s__999,unknown,212
s__999,unknown,2931
s__999,unknown,1261
s__999,unknown,1798
s__999,unknown,1619
s__999,unknown,2336
s__999,unknown,303
s__999,unknown,8652
s__999,unknown,2541
s__999,unknown,4422
s__999,unknown,1831
s__999,unknown,3513
s__999,unknown,1880
s__999,unknown,397
s__999,unknown,2350
s__999,unknown,485
s__999,unknown,154
s__999,unknown,109
s__999,unknown,124
s__999,unknown,383
s__999,unknown,137
s__999,unknown,112
s__999,unknown,262
s__999,unknown,490
s__999,unknown,124
s__999,unknown,42
s__999,unknown,182
s__999,unknown,234
s__999,unknown,151
s__999,unknown,68
s__999,unknown,47
s__999,unknown,146
s__999,unknown,60
s__999,unknown,58
s__999,unknown,3
s__999,unknown,72
s__999,unknown,63
s__999,unknown,15
s__999,unknown,7
s__999,unknown,14
s__999,unknown,7
s__999,unknown,9
s__999,unknown,25
s__999,unknown,53
s__999,unknown,6
s__999,unknown,6
s__999,unknown,3
s__999,unknown,4
s__999,unknown,2
s__999,unknown,4
s__999,unknown,2
s__999,unknown,10
s__999,unknown,4
s__999,unknown,1
s__999,unknown,5
s__999,unknown,1
s__999,unknown,2
s__999,unknown,1
s__999,unknown,1
s__999,unknown,1
s__999,unknown,1
s__999,unknown,2
s__999,unknown,1
